"n","tau","kappa","estimator","rows","duplicate_replication_rows","missing_replication_count","missing_replication_ids","unexpected_replication_count","unexpected_replication_ids","na_W_true","nan_W_true","positive_inf_W_true","negative_inf_W_true","negative_finite_W_true","above_chisq2_q99","above_chisq2_q999","profile_failed_true","coverage_failed_true","any_failed_true","rejection_indicator_mismatches","coverage_indicator_mismatches","coverage_rejection_complement_mismatches","alpha_true_formula_mismatches"
500,0.1,1,"DML-IVQR-BC",500,0,0,"",0,"",0,0,0,0,0,8,0,0,0,0,0,0,0,0
500,0.1,1,"Full-GMM",500,0,0,"",0,"",0,0,0,0,0,178,69,0,0,0,0,0,0,0
500,0.1,1,"Oracle-GMM",500,0,0,"",0,"",0,0,0,0,0,21,5,0,0,0,0,0,0,0
500,0.1,0.5,"DML-IVQR-BC",500,0,0,"",0,"",0,0,0,0,0,8,1,0,0,0,0,0,0,0
500,0.1,0.5,"Full-GMM",500,0,0,"",0,"",0,0,0,0,0,26,5,0,0,0,0,0,0,0
500,0.1,0.5,"Oracle-GMM",500,0,0,"",0,"",0,0,0,0,0,6,1,0,0,0,0,0,0,0
500,0.1,0.25,"DML-IVQR-BC",500,0,0,"",0,"",0,0,0,0,0,10,2,0,0,0,0,0,0,0
500,0.1,0.25,"Full-GMM",500,0,0,"",0,"",0,0,0,0,0,8,0,0,0,0,0,0,0,0
500,0.1,0.25,"Oracle-GMM",500,0,0,"",0,"",0,0,0,0,0,6,1,0,0,0,0,0,0,0
500,0.1,0.1,"DML-IVQR-BC",500,0,0,"",0,"",0,0,0,0,0,12,2,0,0,0,0,0,0,0
500,0.1,0.1,"Full-GMM",500,0,0,"",0,"",0,0,0,0,0,10,0,0,0,0,0,0,0,0
500,0.1,0.1,"Oracle-GMM",500,0,0,"",0,"",0,0,0,0,0,4,0,0,0,0,0,0,0,0
500,0.25,1,"DML-IVQR-BC",500,0,0,"",0,"",0,0,0,0,0,2,0,0,0,0,0,0,0,0
500,0.25,1,"Full-GMM",500,0,0,"",0,"",0,0,0,0,0,45,10,0,0,0,0,0,0,0
500,0.25,1,"Oracle-GMM",500,0,0,"",0,"",0,0,0,0,0,18,2,0,0,0,0,0,0,0
500,0.25,0.5,"DML-IVQR-BC",500,0,0,"",0,"",0,0,0,0,0,2,0,0,0,0,0,0,0,0
500,0.25,0.5,"Full-GMM",500,0,0,"",0,"",0,0,0,0,0,14,1,0,0,0,0,0,0,0
500,0.25,0.5,"Oracle-GMM",500,0,0,"",0,"",0,0,0,0,0,11,2,0,0,0,0,0,0,0
500,0.25,0.25,"DML-IVQR-BC",500,0,0,"",0,"",0,0,0,0,0,3,0,0,0,0,0,0,0,0
500,0.25,0.25,"Full-GMM",500,0,0,"",0,"",0,0,0,0,0,9,2,0,0,0,0,0,0,0
500,0.25,0.25,"Oracle-GMM",500,0,0,"",0,"",0,0,0,0,0,8,1,0,0,0,0,0,0,0
500,0.25,0.1,"DML-IVQR-BC",500,0,0,"",0,"",0,0,0,0,0,2,0,0,0,0,0,0,0,0
500,0.25,0.1,"Full-GMM",500,0,0,"",0,"",0,0,0,0,0,9,1,0,0,0,0,0,0,0
500,0.25,0.1,"Oracle-GMM",500,0,0,"",0,"",0,0,0,0,0,6,1,0,0,0,0,0,0,0
500,0.5,1,"DML-IVQR-BC",500,0,0,"",0,"",0,0,0,0,0,5,1,0,0,0,0,0,0,0
500,0.5,1,"Full-GMM",500,0,0,"",0,"",0,0,0,0,0,1,0,0,0,0,0,0,0,0
500,0.5,1,"Oracle-GMM",500,0,0,"",0,"",0,0,0,0,0,8,1,0,0,0,0,0,0,0
500,0.5,0.5,"DML-IVQR-BC",500,0,0,"",0,"",0,0,0,0,0,4,1,0,0,0,0,0,0,0
500,0.5,0.5,"Full-GMM",500,0,0,"",0,"",0,0,0,0,0,5,0,0,0,0,0,0,0,0
500,0.5,0.5,"Oracle-GMM",500,0,0,"",0,"",0,0,0,0,0,6,1,0,0,0,0,0,0,0
500,0.5,0.25,"DML-IVQR-BC",500,0,0,"",0,"",0,0,0,0,0,1,0,0,0,0,0,0,0,0
500,0.5,0.25,"Full-GMM",500,0,0,"",0,"",0,0,0,0,0,3,1,0,0,0,0,0,0,0
500,0.5,0.25,"Oracle-GMM",500,0,0,"",0,"",0,0,0,0,0,5,0,0,0,0,0,0,0,0
500,0.5,0.1,"DML-IVQR-BC",500,0,0,"",0,"",0,0,0,0,0,5,0,0,0,0,0,0,0,0
500,0.5,0.1,"Full-GMM",500,0,0,"",0,"",0,0,0,0,0,2,0,0,0,0,0,0,0,0
500,0.5,0.1,"Oracle-GMM",500,0,0,"",0,"",0,0,0,0,0,8,1,0,0,0,0,0,0,0
500,0.75,1,"DML-IVQR-BC",500,0,0,"",0,"",0,0,0,0,0,52,14,0,0,0,0,0,0,0
500,0.75,1,"Full-GMM",500,0,0,"",0,"",0,0,0,0,0,30,3,0,0,0,0,0,0,0
500,0.75,1,"Oracle-GMM",500,0,0,"",0,"",0,0,0,0,0,12,0,0,0,0,0,0,0,0
500,0.75,0.5,"DML-IVQR-BC",500,0,0,"",0,"",0,0,0,0,0,7,0,0,0,0,0,0,0,0
500,0.75,0.5,"Full-GMM",500,0,0,"",0,"",0,0,0,0,0,3,0,0,0,0,0,0,0,0
500,0.75,0.5,"Oracle-GMM",500,0,0,"",0,"",0,0,0,0,0,5,0,0,0,0,0,0,0,0
500,0.75,0.25,"DML-IVQR-BC",500,0,0,"",0,"",0,0,0,0,0,5,0,0,0,0,0,0,0,0
500,0.75,0.25,"Full-GMM",500,0,0,"",0,"",0,0,0,0,0,9,0,0,0,0,0,0,0,0
500,0.75,0.25,"Oracle-GMM",500,0,0,"",0,"",0,0,0,0,0,5,0,0,0,0,0,0,0,0
500,0.75,0.1,"DML-IVQR-BC",500,0,0,"",0,"",0,0,0,0,0,2,1,0,0,0,0,0,0,0
500,0.75,0.1,"Full-GMM",500,0,0,"",0,"",0,0,0,0,0,6,0,0,0,0,0,0,0,0
500,0.75,0.1,"Oracle-GMM",500,0,0,"",0,"",0,0,0,0,0,6,0,0,0,0,0,0,0,0
500,0.9,1,"DML-IVQR-BC",500,0,0,"",0,"",0,0,0,0,0,79,25,0,0,0,0,0,0,0
500,0.9,1,"Full-GMM",500,0,0,"",0,"",0,0,0,0,0,125,58,0,0,0,0,0,0,0
500,0.9,1,"Oracle-GMM",500,0,0,"",0,"",0,0,0,0,0,14,2,0,0,0,0,0,0,0
500,0.9,0.5,"DML-IVQR-BC",500,0,0,"",0,"",0,0,0,0,0,17,2,0,0,0,0,0,0,0
500,0.9,0.5,"Full-GMM",500,0,0,"",0,"",0,0,0,0,0,30,3,0,0,0,0,0,0,0
500,0.9,0.5,"Oracle-GMM",500,0,0,"",0,"",0,0,0,0,0,4,0,0,0,0,0,0,0,0
500,0.9,0.25,"DML-IVQR-BC",500,0,0,"",0,"",0,0,0,0,0,5,0,0,0,0,0,0,0,0
500,0.9,0.25,"Full-GMM",500,0,0,"",0,"",0,0,0,0,0,7,1,0,0,0,0,0,0,0
500,0.9,0.25,"Oracle-GMM",500,0,0,"",0,"",0,0,0,0,0,2,1,0,0,0,0,0,0,0
500,0.9,0.1,"DML-IVQR-BC",500,0,0,"",0,"",0,0,0,0,0,6,1,0,0,0,0,0,0,0
500,0.9,0.1,"Full-GMM",500,0,0,"",0,"",0,0,0,0,0,4,0,0,0,0,0,0,0,0
500,0.9,0.1,"Oracle-GMM",500,0,0,"",0,"",0,0,0,0,0,3,1,0,0,0,0,0,0,0
1000,0.1,1,"DML-IVQR-BC",500,0,0,"",0,"",0,0,0,0,0,3,0,0,0,0,0,0,0,0
1000,0.1,1,"Full-GMM",500,0,0,"",0,"",0,0,0,0,0,165,84,0,0,0,0,0,0,0
1000,0.1,1,"Oracle-GMM",500,0,0,"",0,"",0,0,0,0,0,30,8,0,0,0,0,0,0,0
1000,0.1,0.5,"DML-IVQR-BC",500,0,0,"",0,"",0,0,0,0,0,3,0,0,0,0,0,0,0,0
1000,0.1,0.5,"Full-GMM",500,0,0,"",0,"",0,0,0,0,0,37,10,0,0,0,0,0,0,0
1000,0.1,0.5,"Oracle-GMM",500,0,0,"",0,"",0,0,0,0,0,13,1,0,0,0,0,0,0,0
1000,0.1,0.25,"DML-IVQR-BC",500,0,0,"",0,"",0,0,0,0,0,2,0,0,0,0,0,0,0,0
1000,0.1,0.25,"Full-GMM",500,0,0,"",0,"",0,0,0,0,0,5,1,0,0,0,0,0,0,0
1000,0.1,0.25,"Oracle-GMM",500,0,0,"",0,"",0,0,0,0,0,6,2,0,0,0,0,0,0,0
1000,0.1,0.1,"DML-IVQR-BC",500,0,0,"",0,"",0,0,0,0,0,2,0,0,0,0,0,0,0,0
1000,0.1,0.1,"Full-GMM",500,0,0,"",0,"",0,0,0,0,0,4,0,0,0,0,0,0,0,0
1000,0.1,0.1,"Oracle-GMM",500,0,0,"",0,"",0,0,0,0,0,5,1,0,0,0,0,0,0,0
1000,0.25,1,"DML-IVQR-BC",500,0,0,"",0,"",0,0,0,0,0,11,1,0,0,0,0,0,0,0
1000,0.25,1,"Full-GMM",500,0,0,"",0,"",0,0,0,0,0,40,12,0,0,0,0,0,0,0
1000,0.25,1,"Oracle-GMM",500,0,0,"",0,"",0,0,0,0,0,18,2,0,0,0,0,0,0,0
1000,0.25,0.5,"DML-IVQR-BC",500,0,0,"",0,"",0,0,0,0,0,5,1,0,0,0,0,0,0,0
1000,0.25,0.5,"Full-GMM",500,0,0,"",0,"",0,0,0,0,0,5,1,0,0,0,0,0,0,0
1000,0.25,0.5,"Oracle-GMM",500,0,0,"",0,"",0,0,0,0,0,5,0,0,0,0,0,0,0,0
1000,0.25,0.25,"DML-IVQR-BC",500,0,0,"",0,"",0,0,0,0,0,3,0,0,0,0,0,0,0,0
1000,0.25,0.25,"Full-GMM",500,0,0,"",0,"",0,0,0,0,0,4,0,0,0,0,0,0,0,0
1000,0.25,0.25,"Oracle-GMM",500,0,0,"",0,"",0,0,0,0,0,8,0,0,0,0,0,0,0,0
1000,0.25,0.1,"DML-IVQR-BC",500,0,0,"",0,"",0,0,0,0,0,3,0,0,0,0,0,0,0,0
1000,0.25,0.1,"Full-GMM",500,0,0,"",0,"",0,0,0,0,0,3,0,0,0,0,0,0,0,0
1000,0.25,0.1,"Oracle-GMM",500,0,0,"",0,"",0,0,0,0,0,9,0,0,0,0,0,0,0,0
1000,0.5,1,"DML-IVQR-BC",500,0,0,"",0,"",0,0,0,0,0,50,8,0,0,0,0,0,0,0
1000,0.5,1,"Full-GMM",500,0,0,"",0,"",0,0,0,0,0,14,1,0,0,0,0,0,0,0
1000,0.5,1,"Oracle-GMM",500,0,0,"",0,"",0,0,0,0,0,21,1,0,0,0,0,0,0,0
1000,0.5,0.5,"DML-IVQR-BC",500,0,0,"",0,"",0,0,0,0,0,11,0,0,0,0,0,0,0,0
1000,0.5,0.5,"Full-GMM",500,0,0,"",0,"",0,0,0,0,0,8,2,0,0,0,0,0,0,0
1000,0.5,0.5,"Oracle-GMM",500,0,0,"",0,"",0,0,0,0,0,8,0,0,0,0,0,0,0,0
1000,0.5,0.25,"DML-IVQR-BC",500,0,0,"",0,"",0,0,0,0,0,4,0,0,0,0,0,0,0,0
1000,0.5,0.25,"Full-GMM",500,0,0,"",0,"",0,0,0,0,0,7,0,0,0,0,0,0,0,0
1000,0.5,0.25,"Oracle-GMM",500,0,0,"",0,"",0,0,0,0,0,6,0,0,0,0,0,0,0,0
1000,0.5,0.1,"DML-IVQR-BC",500,0,0,"",0,"",0,0,0,0,0,7,0,0,0,0,0,0,0,0
1000,0.5,0.1,"Full-GMM",500,0,0,"",0,"",0,0,0,0,0,6,0,0,0,0,0,0,0,0
1000,0.5,0.1,"Oracle-GMM",500,0,0,"",0,"",0,0,0,0,0,5,1,0,0,0,0,0,0,0
1000,0.75,1,"DML-IVQR-BC",500,0,0,"",0,"",0,0,0,0,0,104,43,0,0,0,0,0,0,0
1000,0.75,1,"Full-GMM",500,0,0,"",0,"",0,0,0,0,0,49,21,0,0,0,0,0,0,0
1000,0.75,1,"Oracle-GMM",500,0,0,"",0,"",0,0,0,0,0,24,6,0,0,0,0,0,0,0
1000,0.75,0.5,"DML-IVQR-BC",500,0,0,"",0,"",0,0,0,0,0,28,6,0,0,0,0,0,0,0
1000,0.75,0.5,"Full-GMM",500,0,0,"",0,"",0,0,0,0,0,12,5,0,0,0,0,0,0,0
1000,0.75,0.5,"Oracle-GMM",500,0,0,"",0,"",0,0,0,0,0,10,2,0,0,0,0,0,0,0
1000,0.75,0.25,"DML-IVQR-BC",500,0,0,"",0,"",0,0,0,0,0,11,2,0,0,0,0,0,0,0
1000,0.75,0.25,"Full-GMM",500,0,0,"",0,"",0,0,0,0,0,10,0,0,0,0,0,0,0,0
1000,0.75,0.25,"Oracle-GMM",500,0,0,"",0,"",0,0,0,0,0,6,1,0,0,0,0,0,0,0
1000,0.75,0.1,"DML-IVQR-BC",500,0,0,"",0,"",0,0,0,0,0,7,1,0,0,0,0,0,0,0
1000,0.75,0.1,"Full-GMM",500,0,0,"",0,"",0,0,0,0,0,5,1,0,0,0,0,0,0,0
1000,0.75,0.1,"Oracle-GMM",500,0,0,"",0,"",0,0,0,0,0,8,2,0,0,0,0,0,0,0
1000,0.9,1,"DML-IVQR-BC",500,0,0,"",0,"",0,0,0,0,0,136,64,0,0,0,0,0,0,0
1000,0.9,1,"Full-GMM",500,0,0,"",0,"",0,0,0,0,0,155,77,0,0,0,0,0,0,0
1000,0.9,1,"Oracle-GMM",500,0,0,"",0,"",0,0,0,0,0,11,4,0,0,0,0,0,0,0
1000,0.9,0.5,"DML-IVQR-BC",500,0,0,"",0,"",0,0,0,0,0,31,8,0,0,0,0,0,0,0
1000,0.9,0.5,"Full-GMM",500,0,0,"",0,"",0,0,0,0,0,31,9,0,0,0,0,0,0,0
1000,0.9,0.5,"Oracle-GMM",500,0,0,"",0,"",0,0,0,0,0,6,1,0,0,0,0,0,0,0
1000,0.9,0.25,"DML-IVQR-BC",500,0,0,"",0,"",0,0,0,0,0,10,0,0,0,0,0,0,0,0
1000,0.9,0.25,"Full-GMM",500,0,0,"",0,"",0,0,0,0,0,4,0,0,0,0,0,0,0,0
1000,0.9,0.25,"Oracle-GMM",500,0,0,"",0,"",0,0,0,0,0,2,0,0,0,0,0,0,0,0
1000,0.9,0.1,"DML-IVQR-BC",500,0,0,"",0,"",0,0,0,0,0,7,0,0,0,0,0,0,0,0
1000,0.9,0.1,"Full-GMM",500,0,0,"",0,"",0,0,0,0,0,5,1,0,0,0,0,0,0,0
1000,0.9,0.1,"Oracle-GMM",500,0,0,"",0,"",0,0,0,0,0,2,0,0,0,0,0,0,0,0
