"n","tau","kappa","estimator","Delta","metric","value","MCSE"
500,0.1,1,"DML-IVQR",0.5,"rejection_probability",0.062,0.0107848041243223
500,0.1,1,"Full-GMM",0.5,"rejection_probability",0.088,0.0126693330526907
500,0.1,1,"Oracle-GMM",0.5,"rejection_probability",0.526,0.022330427671677
500,0.1,0.5,"DML-IVQR",0.5,"rejection_probability",0.028,0.00737780455149091
500,0.1,0.5,"Full-GMM",0.5,"rejection_probability",0.05,0.00974679434480896
500,0.1,0.5,"Oracle-GMM",0.5,"rejection_probability",0.134,0.0152344346793703
500,0.1,0.25,"DML-IVQR",0.5,"rejection_probability",0.036,0.0083311463797007
500,0.1,0.25,"Full-GMM",0.5,"rejection_probability",0.038,0.00855055553750749
500,0.1,0.25,"Oracle-GMM",0.5,"rejection_probability",0.068,0.0112584190719657
500,0.1,0.1,"DML-IVQR",0.5,"rejection_probability",0.044,0.00917213170424411
500,0.1,0.1,"Full-GMM",0.5,"rejection_probability",0.046,0.00936845771725528
500,0.1,0.1,"Oracle-GMM",0.5,"rejection_probability",0.054,0.0101078187557949
500,0.25,1,"DML-IVQR",0.5,"rejection_probability",0.652,0.0213023942316351
500,0.25,1,"Full-GMM",0.5,"rejection_probability",0.254,0.0194671004517879
500,0.25,1,"Oracle-GMM",0.5,"rejection_probability",0.928,0.0115599307956406
500,0.25,0.5,"DML-IVQR",0.5,"rejection_probability",0.138,0.01542439626047
500,0.25,0.5,"Full-GMM",0.5,"rejection_probability",0.094,0.0130509769749241
500,0.25,0.5,"Oracle-GMM",0.5,"rejection_probability",0.37,0.0215916650585359
500,0.25,0.25,"DML-IVQR",0.5,"rejection_probability",0.048,0.00955991631762538
500,0.25,0.25,"Full-GMM",0.5,"rejection_probability",0.042,0.00897061870775924
500,0.25,0.25,"Oracle-GMM",0.5,"rejection_probability",0.106,0.0137669168661687
500,0.25,0.1,"DML-IVQR",0.5,"rejection_probability",0.042,0.00897061870775924
500,0.25,0.1,"Full-GMM",0.5,"rejection_probability",0.042,0.00897061870775924
500,0.25,0.1,"Oracle-GMM",0.5,"rejection_probability",0.06,0.0106207344378814
500,0.5,1,"DML-IVQR",0.5,"rejection_probability",0.986,0.00525433154644813
500,0.5,1,"Full-GMM",0.5,"rejection_probability",0.822,0.0171064899964896
500,0.5,1,"Oracle-GMM",0.5,"rejection_probability",1,0
500,0.5,0.5,"DML-IVQR",0.5,"rejection_probability",0.382,0.0217290588843604
500,0.5,0.5,"Full-GMM",0.5,"rejection_probability",0.298,0.0204546327270865
500,0.5,0.5,"Oracle-GMM",0.5,"rejection_probability",0.564,0.0221767445762447
500,0.5,0.25,"DML-IVQR",0.5,"rejection_probability",0.1,0.0134164078649987
500,0.5,0.25,"Full-GMM",0.5,"rejection_probability",0.1,0.0134164078649987
500,0.5,0.25,"Oracle-GMM",0.5,"rejection_probability",0.17,0.016798809481627
500,0.5,0.1,"DML-IVQR",0.5,"rejection_probability",0.048,0.00955991631762538
500,0.5,0.1,"Full-GMM",0.5,"rejection_probability",0.058,0.0104533248299285
500,0.5,0.1,"Oracle-GMM",0.5,"rejection_probability",0.064,0.0109456840809517
500,0.75,1,"DML-IVQR",0.5,"rejection_probability",1,0
500,0.75,1,"Full-GMM",0.5,"rejection_probability",0.934,0.0111035129576184
500,0.75,1,"Oracle-GMM",0.5,"rejection_probability",1,0
500,0.75,0.5,"DML-IVQR",0.5,"rejection_probability",0.586,0.0220274374360705
500,0.75,0.5,"Full-GMM",0.5,"rejection_probability",0.418,0.0220579237463547
500,0.75,0.5,"Oracle-GMM",0.5,"rejection_probability",0.682,0.0208267136149706
500,0.75,0.25,"DML-IVQR",0.5,"rejection_probability",0.144,0.0157012101444443
500,0.75,0.25,"Full-GMM",0.5,"rejection_probability",0.114,0.0142129518397833
500,0.75,0.25,"Oracle-GMM",0.5,"rejection_probability",0.226,0.0187042241218394
500,0.75,0.1,"DML-IVQR",0.5,"rejection_probability",0.05,0.00974679434480896
500,0.75,0.1,"Full-GMM",0.5,"rejection_probability",0.06,0.0106207344378814
500,0.75,0.1,"Oracle-GMM",0.5,"rejection_probability",0.054,0.0101078187557949
500,0.9,1,"DML-IVQR",0.5,"rejection_probability",0.992,0.0039839678713564
500,0.9,1,"Full-GMM",0.5,"rejection_probability",0.866,0.0152344346793703
500,0.9,1,"Oracle-GMM",0.5,"rejection_probability",0.968,0.00787095928079926
500,0.9,0.5,"DML-IVQR",0.5,"rejection_probability",0.54,0.0222890107452081
500,0.9,0.5,"Full-GMM",0.5,"rejection_probability",0.394,0.021852414054287
500,0.9,0.5,"Oracle-GMM",0.5,"rejection_probability",0.522,0.0223390241505756
500,0.9,0.25,"DML-IVQR",0.5,"rejection_probability",0.136,0.0153299706457645
500,0.9,0.25,"Full-GMM",0.5,"rejection_probability",0.12,0.014532721699668
500,0.9,0.25,"Oracle-GMM",0.5,"rejection_probability",0.134,0.0152344346793703
500,0.9,0.1,"DML-IVQR",0.5,"rejection_probability",0.05,0.00974679434480896
500,0.9,0.1,"Full-GMM",0.5,"rejection_probability",0.074,0.0117067501895274
500,0.9,0.1,"Oracle-GMM",0.5,"rejection_probability",0.056,0.0102824121683582
1000,0.1,1,"DML-IVQR",0.5,"rejection_probability",0.694,0.0206089301032344
1000,0.1,1,"Full-GMM",0.5,"rejection_probability",0.144,0.0157012101444443
1000,0.1,1,"Oracle-GMM",0.5,"rejection_probability",0.952,0.00955991631762538
1000,0.1,0.5,"DML-IVQR",0.5,"rejection_probability",0.122,0.0146366662871024
1000,0.1,0.5,"Full-GMM",0.5,"rejection_probability",0.07,0.0114105214604767
1000,0.1,0.5,"Oracle-GMM",0.5,"rejection_probability",0.338,0.0211544794310803
1000,0.1,0.25,"DML-IVQR",0.5,"rejection_probability",0.038,0.00855055553750749
1000,0.1,0.25,"Full-GMM",0.5,"rejection_probability",0.048,0.00955991631762538
1000,0.1,0.25,"Oracle-GMM",0.5,"rejection_probability",0.102,0.0135348439222623
1000,0.1,0.1,"DML-IVQR",0.5,"rejection_probability",0.036,0.0083311463797007
1000,0.1,0.1,"Full-GMM",0.5,"rejection_probability",0.054,0.0101078187557949
1000,0.1,0.1,"Oracle-GMM",0.5,"rejection_probability",0.05,0.00974679434480896
1000,0.25,1,"DML-IVQR",0.5,"rejection_probability",0.992,0.0039839678713564
1000,0.25,1,"Full-GMM",0.5,"rejection_probability",0.902,0.0132963152790538
1000,0.25,1,"Oracle-GMM",0.5,"rejection_probability",1,0
1000,0.25,0.5,"DML-IVQR",0.5,"rejection_probability",0.49,0.0223562071917398
1000,0.25,0.5,"Full-GMM",0.5,"rejection_probability",0.298,0.0204546327270865
1000,0.25,0.5,"Oracle-GMM",0.5,"rejection_probability",0.708,0.0203340109176719
1000,0.25,0.25,"DML-IVQR",0.5,"rejection_probability",0.122,0.0146366662871024
1000,0.25,0.25,"Full-GMM",0.5,"rejection_probability",0.116,0.0143208938268531
1000,0.25,0.25,"Oracle-GMM",0.5,"rejection_probability",0.222,0.0185858010319706
1000,0.25,0.1,"DML-IVQR",0.5,"rejection_probability",0.052,0.00992935043192655
1000,0.25,0.1,"Full-GMM",0.5,"rejection_probability",0.056,0.0102824121683582
1000,0.25,0.1,"Oracle-GMM",0.5,"rejection_probability",0.088,0.0126693330526907
1000,0.5,1,"DML-IVQR",0.5,"rejection_probability",1,0
1000,0.5,1,"Full-GMM",0.5,"rejection_probability",1,0
1000,0.5,1,"Oracle-GMM",0.5,"rejection_probability",1,0
1000,0.5,0.5,"DML-IVQR",0.5,"rejection_probability",0.832,0.0167198086113448
1000,0.5,0.5,"Full-GMM",0.5,"rejection_probability",0.69,0.0206833266183175
1000,0.5,0.5,"Oracle-GMM",0.5,"rejection_probability",0.91,0.0127984374046209
1000,0.5,0.25,"DML-IVQR",0.5,"rejection_probability",0.252,0.0194162818273736
1000,0.5,0.25,"Full-GMM",0.5,"rejection_probability",0.222,0.0185858010319706
1000,0.5,0.25,"Oracle-GMM",0.5,"rejection_probability",0.356,0.0214132669156297
1000,0.5,0.1,"DML-IVQR",0.5,"rejection_probability",0.07,0.0114105214604767
1000,0.5,0.1,"Full-GMM",0.5,"rejection_probability",0.08,0.0121326007104825
1000,0.5,0.1,"Oracle-GMM",0.5,"rejection_probability",0.106,0.0137669168661687
1000,0.75,1,"DML-IVQR",0.5,"rejection_probability",1,0
1000,0.75,1,"Full-GMM",0.5,"rejection_probability",1,0
1000,0.75,1,"Oracle-GMM",0.5,"rejection_probability",1,0
1000,0.75,0.5,"DML-IVQR",0.5,"rejection_probability",0.952,0.00955991631762538
1000,0.75,0.5,"Full-GMM",0.5,"rejection_probability",0.83,0.016798809481627
1000,0.75,0.5,"Oracle-GMM",0.5,"rejection_probability",0.954,0.00936845771725528
1000,0.75,0.25,"DML-IVQR",0.5,"rejection_probability",0.374,0.0216390387956582
1000,0.75,0.25,"Full-GMM",0.5,"rejection_probability",0.262,0.0196649942791754
1000,0.75,0.25,"Oracle-GMM",0.5,"rejection_probability",0.412,0.0220116332878776
1000,0.75,0.1,"DML-IVQR",0.5,"rejection_probability",0.072,0.0115599307956406
1000,0.75,0.1,"Full-GMM",0.5,"rejection_probability",0.078,0.0119929979571415
1000,0.75,0.1,"Oracle-GMM",0.5,"rejection_probability",0.096,0.0131745208641529
1000,0.9,1,"DML-IVQR",0.5,"rejection_probability",1,0
1000,0.9,1,"Full-GMM",0.5,"rejection_probability",0.982,0.005945754788082
1000,0.9,1,"Oracle-GMM",0.5,"rejection_probability",1,0
1000,0.9,0.5,"DML-IVQR",0.5,"rejection_probability",0.898,0.0135348439222623
1000,0.9,0.5,"Full-GMM",0.5,"rejection_probability",0.664,0.0211236360506424
1000,0.9,0.5,"Oracle-GMM",0.5,"rejection_probability",0.84,0.0163951212255354
1000,0.9,0.25,"DML-IVQR",0.5,"rejection_probability",0.324,0.020929596269398
1000,0.9,0.25,"Full-GMM",0.5,"rejection_probability",0.262,0.0196649942791754
1000,0.9,0.25,"Oracle-GMM",0.5,"rejection_probability",0.316,0.020791536739741
1000,0.9,0.1,"DML-IVQR",0.5,"rejection_probability",0.08,0.0121326007104825
1000,0.9,0.1,"Full-GMM",0.5,"rejection_probability",0.094,0.0130509769749241
1000,0.9,0.1,"Oracle-GMM",0.5,"rejection_probability",0.112,0.014103616557465
