"n","tau","kappa","estimator","mean_bias","MAE","RMSE","coverage","rejection_at_truth","MCSE_coverage","MCSE_size","mean_CR_length","median_CR_length","proportion_CR_all_A","proportion_CR_left_boundary","proportion_CR_right_boundary","point_left_boundary_rate","point_right_boundary_rate","successful_replications","failed_replications"
500,0.1,1,"DML-IVQR",0.133551565544601,0.254524125243568,0.364324059951321,0.96,0.04,0.027712812921102,0.027712812921102,2.3105,2.375,0,0.02,0.2,0,0,50,0
500,0.1,1,"Full-GMM",0.671551565544601,0.685765377679249,0.828179633404133,0.48,0.52,0.0706540869306228,0.0706540869306228,1.599,1.6125,0,0.14,0.02,0,0,50,0
500,0.1,1,"Oracle-GMM",0.103551565544601,0.17831031310892,0.237568783148666,0.82,0.18,0.0543323108288245,0.0543323108288245,0.675,0.6,0,0,0,0,0,50,0
500,0.1,0.5,"DML-IVQR",0.757551565544601,0.85262062621784,1.22560530941208,0.94,0.06,0.0335857112474933,0.0335857112474933,3.591,3.7625,0.14,0.34,0.94,0,0.04,50,0
500,0.1,0.5,"Full-GMM",0.727551565544601,0.834193001948545,1.04528239271806,0.88,0.12,0.0459565011723042,0.0459565011723042,3.107,3.1375,0,0.46,0.62,0,0,50,0
500,0.1,0.5,"Oracle-GMM",0.195551565544601,0.332524125243568,0.482746739799395,0.84,0.16,0.0518459255872629,0.0518459255872629,2.3125,2.125,0.02,0.28,0.5,0,0,50,0
500,0.1,0.25,"DML-IVQR",0.963551565544601,1.12514475146141,1.54191686528926,0.92,0.08,0.0383666521865017,0.0383666521865018,3.741,3.925,0.42,0.68,0.92,0.04,0.02,50,0
500,0.1,0.25,"Full-GMM",1.0875515655446,1.27419300194854,1.61174824576251,0.94,0.06,0.0335857112474933,0.0335857112474933,3.6515,3.8,0.1,0.86,0.8,0.02,0,50,0
500,0.1,0.25,"Oracle-GMM",0.657551565544601,0.913786187865352,1.39017914721454,0.94,0.06,0.0335857112474933,0.0335857112474933,3.348,3.675,0.22,0.74,0.82,0.02,0.02,50,0
500,0.1,0.1,"DML-IVQR",1.0435515655446,1.20040681408319,1.61547388401998,0.92,0.08,0.0383666521865017,0.0383666521865018,3.6715,3.9625,0.48,0.84,0.94,0.04,0.04,50,0
500,0.1,0.1,"Full-GMM",0.953551565544601,1.20388268883962,1.55347242915752,0.98,0.02,0.0197989898732233,0.0197989898732233,3.7545,3.8625,0.12,0.98,0.88,0.06,0.04,50,0
500,0.1,0.1,"Oracle-GMM",0.773551565544601,1.0555723757307,1.43552012335477,0.9,0.1,0.0424264068711928,0.0424264068711929,3.688,3.95,0.46,0.92,0.92,0.04,0,50,0
500,0.25,1,"DML-IVQR",-0.0175102498039182,0.12306122997647,0.154410520523038,0.94,0.06,0.0335857112474933,0.0335857112474933,0.678,0.65,0,0,0,0,0,50,0
500,0.25,1,"Full-GMM",0.248489750196082,0.282693850117649,0.339516061405806,0.82,0.18,0.0543323108288245,0.0543323108288245,0.848,0.85,0,0,0,0,0,50,0
500,0.25,1,"Oracle-GMM",0.0364897501960818,0.10293877002353,0.125249757961333,0.8,0.2,0.0565685424949238,0.0565685424949238,0.432,0.45,0,0,0,0,0,50,0
500,0.25,0.5,"DML-IVQR",0.184489750196082,0.376979590007843,0.565452445327998,0.92,0.08,0.0383666521865017,0.0383666521865018,2.153,2.1875,0,0.02,0.42,0,0,50,0
500,0.25,0.5,"Full-GMM",0.280489750196082,0.503795900078433,0.636269204004925,0.88,0.12,0.0459565011723042,0.0459565011723042,2.14,2,0,0.2,0.16,0,0,50,0
500,0.25,0.5,"Oracle-GMM",0.0584897501960818,0.254979590007843,0.392893179984077,0.92,0.08,0.0383666521865017,0.0383666521865018,1.3745,1.275,0,0.06,0.12,0.02,0,50,0
500,0.25,0.25,"DML-IVQR",0.526489750196082,0.787836720062746,1.13070219645207,0.92,0.08,0.0383666521865017,0.0383666521865018,3.266,3.375,0.18,0.44,0.92,0,0,50,0
500,0.25,0.25,"Full-GMM",0.396489750196082,0.761836720062746,1.01573624628176,0.96,0.04,0.027712812921102,0.027712812921102,3.326,3.625,0.1,0.74,0.66,0.02,0.02,50,0
500,0.25,0.25,"Oracle-GMM",0.252489750196082,0.618,0.91294417899129,0.9,0.1,0.0424264068711928,0.0424264068711929,2.909,3.3125,0.14,0.64,0.56,0,0,50,0
500,0.25,0.1,"DML-IVQR",0.534489750196082,1.04391836003137,1.33104443692338,0.92,0.08,0.0383666521865017,0.0383666521865018,3.6055,3.925,0.46,0.76,0.9,0,0.06,50,0
500,0.25,0.1,"Full-GMM",0.434489750196082,0.971918360031373,1.23401026860616,0.94,0.06,0.0335857112474933,0.0335857112474933,3.659,3.85,0.22,0.96,0.92,0.06,0.02,50,0
500,0.25,0.1,"Oracle-GMM",-0.00551024980391822,0.856081639968627,1.05661268346206,0.88,0.12,0.0459565011723042,0.0459565011723042,3.546,3.95,0.46,0.84,0.88,0.06,0,50,0
500,0.5,1,"DML-IVQR",-0.0519999999999999,0.088,0.123288280059379,0.94,0.06,0.0335857112474933,0.0335857112474933,0.507,0.5,0,0,0,0,0,50,0
500,0.5,1,"Full-GMM",0.0240000000000001,0.132,0.174355957741627,0.94,0.06,0.0335857112474933,0.0335857112474933,0.668,0.65,0,0,0,0,0,50,0
500,0.5,1,"Oracle-GMM",0.00800000000000007,0.08,0.10770329614269,0.88,0.12,0.0459565011723042,0.0459565011723042,0.36,0.35,0,0,0,0,0,50,0
500,0.5,0.5,"DML-IVQR",0.0200000000000001,0.216,0.259229627936314,0.9,0.1,0.0424264068711928,0.0424264068711929,1.3355,1.275,0,0,0.14,0,0,50,0
500,0.5,0.5,"Full-GMM",-0.0479999999999999,0.304,0.433128156554154,0.92,0.08,0.0383666521865017,0.0383666521865018,1.6835,1.575,0,0.08,0.06,0,0,50,0
500,0.5,0.5,"Oracle-GMM",0.0220000000000001,0.174,0.235372045918796,0.9,0.1,0.0424264068711928,0.0424264068711929,1.0255,1,0,0.02,0.04,0,0,50,0
500,0.5,0.25,"DML-IVQR",0.0640000000000001,0.54,0.758683069535626,0.94,0.06,0.0335857112474933,0.0335857112474933,3.0345,3.2875,0.14,0.42,0.72,0,0.02,50,0
500,0.5,0.25,"Full-GMM",-0.0279999999999999,0.64,0.859534757877772,0.92,0.08,0.0383666521865017,0.0383666521865018,3.147,3.3375,0.12,0.68,0.56,0.02,0.02,50,0
500,0.5,0.25,"Oracle-GMM",-0.0699999999999999,0.498,0.693541635375988,0.92,0.08,0.0383666521865017,0.0383666521865018,2.811,2.875,0.12,0.58,0.46,0.02,0,50,0
500,0.5,0.1,"DML-IVQR",0.13,0.762,0.993680028983173,0.94,0.06,0.0335857112474933,0.0335857112474933,3.6715,3.95,0.46,0.82,0.96,0.02,0.08,50,0
500,0.5,0.1,"Full-GMM",-0.14,0.924,1.10399275359941,0.96,0.04,0.027712812921102,0.027712812921102,3.67,3.85,0.34,0.96,0.88,0,0.02,50,0
500,0.5,0.1,"Oracle-GMM",0.0200000000000001,0.752,0.962288937897553,0.9,0.1,0.0424264068711928,0.0424264068711929,3.659,3.95,0.48,0.92,0.84,0.02,0,50,0
500,0.75,1,"DML-IVQR",-0.154489750196081,0.160612210149022,0.192528135387137,0.74,0.26,0.0620322496770833,0.0620322496770833,0.481,0.45,0,0,0,0,0,50,0
500,0.75,1,"Full-GMM",-0.264489750196081,0.283632620141179,0.340080619792992,0.84,0.16,0.0518459255872629,0.0518459255872629,0.89,0.8,0,0,0,0,0,50,0
500,0.75,1,"Oracle-GMM",-0.0404897501960815,0.0939183600313731,0.112620690243583,0.92,0.08,0.0383666521865017,0.0383666521865018,0.503,0.475,0,0,0,0,0,50,0
500,0.75,0.5,"DML-IVQR",-0.114489750196081,0.216857130054903,0.292417343705809,1,0,0,0,1.4055,1.2,0,0.04,0.06,0,0,50,0
500,0.75,0.5,"Full-GMM",-0.332489750196081,0.464734670101962,0.618858169523076,0.9,0.1,0.0424264068711928,0.0424264068711929,2.359,2.4875,0,0.28,0.2,0,0,50,0
500,0.75,0.5,"Oracle-GMM",-0.0704897501960814,0.178979590007843,0.238647867961786,0.98,0.02,0.0197989898732233,0.0197989898732233,1.522,1.275,0,0.12,0.04,0,0,50,0
500,0.75,0.25,"DML-IVQR",-0.162489750196081,0.489959180015687,0.698755263964992,1,0,0,0,3.054,3.15,0.22,0.56,0.72,0,0.04,50,0
500,0.75,0.25,"Full-GMM",-0.560489750196081,0.875795900078433,1.06702987777984,0.92,0.08,0.0383666521865017,0.0383666521865018,3.389,3.55,0.14,0.72,0.68,0.02,0.02,50,0
500,0.75,0.25,"Oracle-GMM",-0.300489750196081,0.520897950039216,0.73281518131989,0.98,0.02,0.0197989898732233,0.0197989898732233,3.1385,3.375,0.18,0.76,0.54,0,0,50,0
500,0.75,0.1,"DML-IVQR",-0.172489750196081,0.755020409992157,0.994157288321474,1,0,0,0,3.596,3.95,0.44,0.84,0.88,0.02,0.04,50,0
500,0.75,0.1,"Full-GMM",-0.486489750196081,0.910897950039216,1.14338457093222,0.98,0.02,0.0197989898732233,0.0197989898732233,3.662,3.9,0.26,0.86,0.86,0,0,50,0
500,0.75,0.1,"Oracle-GMM",-0.506489750196081,0.846897950039216,1.12672439711479,0.98,0.02,0.0197989898732233,0.0197989898732233,3.6545,3.95,0.48,0.9,0.84,0.02,0.02,50,0
500,0.9,1,"DML-IVQR",-0.253551565544601,0.254289502922817,0.288971272603555,0.64,0.36,0.0678822509939086,0.0678822509939086,0.752,0.7,0,0,0,0,0,50,0
500,0.9,1,"Full-GMM",-0.769551565544601,0.770289502922817,0.935342510544745,0.42,0.58,0.0697997134664606,0.0697997134664606,2.067,2.125,0,0.18,0.1,0,0,50,0
500,0.9,1,"Oracle-GMM",-0.151551565544601,0.195358563596056,0.242214526853819,0.94,0.06,0.0335857112474933,0.0335857112474933,1.073,0.95,0,0,0,0,0,50,0
500,0.9,0.5,"DML-IVQR",-0.271551565544601,0.319668876704976,0.48973488006239,0.94,0.06,0.0335857112474933,0.0335857112474933,2.413,2.4625,0,0.28,0.28,0,0,50,0
500,0.9,0.5,"Full-GMM",-0.927551565544601,1.03166887670498,1.3341798629661,0.94,0.06,0.0335857112474933,0.0335857112474933,3.2745,3.3,0,0.7,0.48,0,0.02,50,0
500,0.9,0.5,"Oracle-GMM",-0.419551565544601,0.49462062621784,0.871309081871023,0.96,0.04,0.027712812921102,0.027712812921102,2.9475,3.275,0.08,0.58,0.28,0.02,0,50,0
500,0.9,0.25,"DML-IVQR",-0.541551565544601,0.67662062621784,1.07204388816121,0.94,0.06,0.0335857112474933,0.0335857112474933,3.5215,3.8375,0.34,0.82,0.76,0,0.02,50,0
500,0.9,0.25,"Full-GMM",-1.1795515655446,1.34440681408319,1.65805244059973,0.82,0.18,0.0543323108288245,0.0543323108288245,3.6745,3.775,0.04,0.96,0.78,0.02,0.02,50,0
500,0.9,0.25,"Oracle-GMM",-0.859551565544601,0.96693093932676,1.28660207283766,0.98,0.02,0.0197989898732233,0.0197989898732233,3.698,3.925,0.42,0.9,0.78,0,0,50,0
500,0.9,0.1,"DML-IVQR",-0.761551565544601,0.96862062621784,1.35054092384623,0.96,0.04,0.027712812921102,0.027712812921102,3.6855,4,0.54,0.88,0.9,0.02,0.04,50,0
500,0.9,0.1,"Full-GMM",-1.2575515655446,1.42314475146141,1.77878046425175,0.96,0.04,0.027712812921102,0.027712812921102,3.7545,3.8625,0.12,0.94,0.88,0.04,0,50,0
500,0.9,0.1,"Oracle-GMM",-0.859551565544601,1.09388268883962,1.4840973330042,0.98,0.02,0.0197989898732233,0.0197989898732233,3.8555,4,0.6,0.98,0.92,0.02,0.04,50,0
1000,0.1,1,"DML-IVQR",0.0295515655446009,0.0974758747564319,0.128721773706459,0.96,0.04,0.027712812921102,0.027712812921102,0.636,0.625,0,0,0,0,0,50,0
1000,0.1,1,"Full-GMM",0.363551565544601,0.364289502922817,0.401554156758376,0.36,0.64,0.0678822509939086,0.0678822509939086,0.747,0.75,0,0,0,0,0,50,0
1000,0.1,1,"Oracle-GMM",0.0815515655446009,0.110406814083192,0.130578167557886,0.76,0.24,0.060398675482166,0.060398675482166,0.359,0.35,0,0,0,0,0,50,0
1000,0.1,0.5,"DML-IVQR",0.193551565544601,0.329048250487136,0.624274145327809,0.92,0.08,0.0383666521865017,0.0383666521865018,2.15,1.95,0,0.06,0.3,0,0.02,50,0
1000,0.1,0.5,"Full-GMM",0.483551565544601,0.497765377679249,0.737846946555066,0.84,0.16,0.0518459255872629,0.0518459255872629,1.8485,1.675,0,0.14,0.08,0,0,50,0
1000,0.1,0.5,"Oracle-GMM",0.113551565544601,0.178096500974272,0.229499363915523,0.92,0.08,0.0383666521865017,0.0383666521865018,1.146,0.95,0,0,0.04,0,0,50,0
1000,0.1,0.25,"DML-IVQR",0.631551565544601,0.740406814083193,1.06965292499102,0.9,0.1,0.0424264068711928,0.0424264068711929,3.4995,3.6,0.22,0.46,0.88,0,0,50,0
1000,0.1,0.25,"Full-GMM",0.719551565544601,0.794930939326761,1.05627196094457,0.92,0.08,0.0383666521865017,0.0383666521865018,3.2895,3.35,0.04,0.62,0.72,0,0,50,0
1000,0.1,0.25,"Oracle-GMM",0.423551565544601,0.523358563596056,0.836081293102102,0.94,0.06,0.0335857112474933,0.0335857112474933,2.922,3.35,0.14,0.58,0.54,0,0,50,0
1000,0.1,0.1,"DML-IVQR",0.873551565544601,1.00566887670498,1.36081899518835,0.92,0.08,0.0383666521865017,0.0383666521865018,3.802,3.95,0.46,0.84,0.96,0.02,0,50,0
1000,0.1,0.1,"Full-GMM",1.1295515655446,1.24745506457033,1.55562937077707,0.88,0.12,0.0459565011723042,0.0459565011723042,3.7695,3.85,0.22,0.86,0.96,0.04,0,50,0
1000,0.1,0.1,"Oracle-GMM",0.717551565544601,0.890096500974272,1.30949770874771,0.92,0.08,0.0383666521865017,0.0383666521865018,3.7225,3.9,0.42,0.88,0.9,0.02,0.06,50,0
1000,0.25,1,"DML-IVQR",-0.0375102498039182,0.0812653298980375,0.102288898910646,0.9,0.1,0.0424264068711928,0.0424264068711929,0.338,0.35,0,0,0,0,0,50,0
1000,0.25,1,"Full-GMM",0.136489750196082,0.153673440125492,0.189170430851623,0.74,0.26,0.0620322496770833,0.0620322496770833,0.43,0.4,0,0,0,0,0,50,0
1000,0.25,1,"Oracle-GMM",0.0264897501960818,0.0589795900078433,0.0692654810526197,0.9,0.1,0.0424264068711928,0.0424264068711929,0.25,0.25,0,0,0,0,0,50,0
1000,0.25,0.5,"DML-IVQR",0.0224897501960818,0.114204099921567,0.203474295339441,0.96,0.04,0.027712812921102,0.027712812921102,0.864,0.85,0,0,0,0,0,50,0
1000,0.25,0.5,"Full-GMM",0.124489750196082,0.193755080094119,0.263813756092973,0.94,0.06,0.0335857112474933,0.0335857112474933,0.961,0.875,0,0,0,0,0,50,0
1000,0.25,0.5,"Oracle-GMM",0.0524897501960818,0.0869387700235298,0.113451196008006,0.9,0.1,0.0424264068711928,0.0424264068711929,0.624,0.6,0,0,0,0,0,50,0
1000,0.25,0.25,"DML-IVQR",0.268489750196082,0.43493877002353,0.759375233965629,0.96,0.04,0.027712812921102,0.027712812921102,2.676,2.925,0,0.14,0.62,0,0.04,50,0
1000,0.25,0.25,"Full-GMM",0.192489750196082,0.440897950039216,0.613944870432639,0.94,0.06,0.0335857112474933,0.0335857112474933,2.537,2.75,0,0.28,0.4,0,0,50,0
1000,0.25,0.25,"Oracle-GMM",0.132489750196082,0.340897950039216,0.530650104972213,0.96,0.04,0.027712812921102,0.027712812921102,2.0215,2.0375,0,0.26,0.28,0.02,0,50,0
1000,0.25,0.1,"DML-IVQR",0.522489750196082,0.679755080094119,0.926440251208875,0.98,0.02,0.0197989898732233,0.0197989898732233,3.5535,3.775,0.38,0.6,0.94,0,0,50,0
1000,0.25,0.1,"Full-GMM",0.558489750196082,0.911836720062746,1.17390578884086,0.98,0.02,0.0197989898732233,0.0197989898732233,3.598,3.8375,0.22,0.84,0.84,0,0.02,50,0
1000,0.25,0.1,"Oracle-GMM",0.158489750196082,0.584,0.814163988958746,0.96,0.04,0.027712812921102,0.027712812921102,3.553,3.875,0.36,0.84,0.8,0,0.02,50,0
1000,0.5,1,"DML-IVQR",-0.0559999999999999,0.0719999999999999,0.0999999999999999,0.84,0.16,0.0518459255872629,0.0518459255872629,0.265,0.25,0,0,0,0,0,50,0
1000,0.5,1,"Full-GMM",0.0320000000000001,0.08,0.103923048454133,0.84,0.16,0.0518459255872629,0.0518459255872629,0.338,0.35,0,0,0,0,0,50,0
1000,0.5,1,"Oracle-GMM",0.014,0.034,0.058309518948453,0.88,0.12,0.0459565011723042,0.0459565011723042,0.224,0.2,0,0,0,0,0,50,0
1000,0.5,0.5,"DML-IVQR",-0.0399999999999999,0.108,0.156204993518133,0.88,0.12,0.0459565011723042,0.0459565011723042,0.596,0.6,0,0,0,0,0,50,0
1000,0.5,0.5,"Full-GMM",0.00800000000000011,0.16,0.208806130178211,0.94,0.06,0.0335857112474933,0.0335857112474933,0.751,0.75,0,0,0,0,0,50,0
1000,0.5,0.5,"Oracle-GMM",0.00800000000000008,0.088,0.126491106406735,0.88,0.12,0.0459565011723042,0.0459565011723042,0.504,0.5,0,0,0,0,0,50,0
1000,0.5,0.25,"DML-IVQR",-0.0299999999999999,0.226,0.308220700148449,0.9,0.1,0.0424264068711928,0.0424264068711929,1.7825,1.7,0,0.1,0.12,0,0,50,0
1000,0.5,0.25,"Full-GMM",-0.00999999999999988,0.302,0.417851648315524,0.92,0.08,0.0383666521865017,0.0383666521865018,2.0365,1.9,0.02,0.26,0.16,0,0,50,0
1000,0.5,0.25,"Oracle-GMM",-0.00199999999999989,0.206,0.296310647800581,0.92,0.08,0.0383666521865017,0.0383666521865018,1.656,1.5,0.02,0.18,0.06,0,0,50,0
1000,0.5,0.1,"DML-IVQR",0.15,0.594,0.823528991596532,0.92,0.08,0.0383666521865017,0.0383666521865018,3.331,3.55,0.28,0.66,0.86,0.02,0.04,50,0
1000,0.5,0.1,"Full-GMM",0.206,0.694,0.880340843082951,0.94,0.06,0.0335857112474933,0.0335857112474933,3.4525,3.75,0.18,0.74,0.8,0.02,0.02,50,0
1000,0.5,0.1,"Oracle-GMM",0.0600000000000001,0.592,0.838808679020431,0.86,0.14,0.0490713765855412,0.0490713765855412,3.412,3.7,0.3,0.8,0.72,0,0.02,50,0
1000,0.75,1,"DML-IVQR",-0.0924897501960815,0.103714260109806,0.131264442600933,0.68,0.32,0.0659696900098826,0.0659696900098826,0.278,0.275,0,0,0,0,0,50,0
1000,0.75,1,"Full-GMM",-0.134489750196081,0.153795900078433,0.211866686639982,0.8,0.2,0.0565685424949238,0.0565685424949238,0.485,0.5,0,0,0,0,0,50,0
1000,0.75,1,"Oracle-GMM",-0.0124897501960814,0.0651428699450972,0.0964986728404102,0.92,0.08,0.0383666521865017,0.0383666521865018,0.274,0.3,0,0,0,0,0,50,0
1000,0.75,0.5,"DML-IVQR",-0.0864897501960814,0.127918360031373,0.184760593441839,0.82,0.18,0.0543323108288245,0.0543323108288245,0.648,0.6,0,0,0,0,0,50,0
1000,0.75,0.5,"Full-GMM",-0.136489750196081,0.24693877002353,0.327697195454262,0.92,0.08,0.0383666521865017,0.0383666521865018,1.2035,1.1,0,0.02,0,0,0,50,0
1000,0.75,0.5,"Oracle-GMM",-0.0384897501960814,0.146040819984314,0.203434168393996,0.9,0.1,0.0424264068711928,0.0424264068711929,0.704,0.575,0,0,0,0,0,50,0
1000,0.75,0.25,"DML-IVQR",-0.0084897501960814,0.36506122997647,0.560638988885354,0.88,0.12,0.0459565011723042,0.0459565011723042,1.9275,1.675,0.02,0.24,0.26,0,0,50,0
1000,0.75,0.25,"Full-GMM",-0.140489750196081,0.422,0.623844026909096,0.96,0.04,0.027712812921102,0.027712812921102,2.5435,2.6375,0.04,0.36,0.26,0,0,50,0
1000,0.75,0.25,"Oracle-GMM",-0.190489750196081,0.50212245995294,0.821237082047423,0.86,0.14,0.0490713765855412,0.0490713765855412,2.2465,2.275,0.02,0.36,0.18,0.02,0,50,0
1000,0.75,0.1,"DML-IVQR",-0.00448975019608143,0.622163279937254,0.875511369347551,0.9,0.1,0.0424264068711928,0.0424264068711929,3.1435,3.3125,0.3,0.64,0.86,0,0.04,50,0
1000,0.75,0.1,"Full-GMM",-0.214489750196081,0.789020409992157,1.03807796091583,0.92,0.08,0.0383666521865017,0.0383666521865018,3.4985,3.725,0.2,0.76,0.9,0.02,0.02,50,0
1000,0.75,0.1,"Oracle-GMM",-0.338489750196081,0.91906122997647,1.22314320951711,0.88,0.12,0.0459565011723042,0.0459565011723042,3.349,3.6875,0.28,0.76,0.84,0.04,0.02,50,0
1000,0.9,1,"DML-IVQR",-0.167551565544601,0.175979189813897,0.208032514565504,0.5,0.5,0.0707106781186548,0.0707106781186548,0.424,0.45,0,0,0,0,0,50,0
1000,0.9,1,"Full-GMM",-0.411551565544601,0.423979189813896,0.485669322793001,0.64,0.36,0.0678822509939086,0.0678822509939086,1.02,1.05,0,0,0,0,0,50,0
1000,0.9,1,"Oracle-GMM",-0.0775515655446006,0.117048250487136,0.166127196203447,0.92,0.08,0.0383666521865017,0.0383666521865018,0.475,0.4,0,0,0,0,0,50,0
1000,0.9,0.5,"DML-IVQR",-0.295551565544601,0.333144751461408,0.58698784305628,0.88,0.12,0.0459565011723042,0.0459565011723042,1.2575,1.15,0,0.08,0.02,0,0,50,0
1000,0.9,0.5,"Full-GMM",-0.505551565544601,0.62462062621784,0.911595516347353,0.82,0.18,0.0543323108288245,0.0543323108288245,2.314,2.2125,0,0.24,0.24,0,0,50,0
1000,0.9,0.5,"Oracle-GMM",-0.219551565544601,0.303048250487136,0.550780255576655,0.9,0.1,0.0424264068711928,0.0424264068711929,1.6845,1.35,0,0.16,0.1,0,0,50,0
1000,0.9,0.25,"DML-IVQR",-0.241551565544601,0.40831031310892,0.67286488897627,0.92,0.08,0.0383666521865017,0.0383666521865018,2.824,3.0625,0.12,0.48,0.56,0,0.02,50,0
1000,0.9,0.25,"Full-GMM",-0.625551565544601,0.89631031310892,1.29343680214972,0.94,0.06,0.0335857112474933,0.0335857112474933,3.3395,3.4875,0.08,0.72,0.74,0.02,0.02,50,0
1000,0.9,0.25,"Oracle-GMM",-0.293551565544601,0.514524125243568,0.787418898448396,0.9,0.1,0.0424264068711928,0.0424264068711929,3.218,3.575,0.06,0.7,0.46,0,0.02,50,0
1000,0.9,0.1,"DML-IVQR",-0.275551565544601,0.601262062621784,0.845513255528309,0.94,0.06,0.0335857112474933,0.0335857112474933,3.523,3.9125,0.38,0.78,0.9,0,0.02,50,0
1000,0.9,0.1,"Full-GMM",-0.799551565544601,1.08409650097427,1.43831801280691,0.92,0.08,0.0383666521865017,0.0383666521865018,3.6625,3.875,0.22,0.88,0.94,0.04,0.08,50,0
1000,0.9,0.1,"Oracle-GMM",-0.565551565544601,0.952,1.38072175809971,0.92,0.08,0.0383666521865017,0.0383666521865018,3.606,3.95,0.4,0.84,0.92,0.02,0.08,50,0
