"rep_id","rep_seed"
1,20260821
2,20260822
3,20260823
4,20260824
5,20260825
6,20260826
7,20260827
8,20260828
9,20260829
10,20260830
11,20260831
12,20260832
13,20260833
14,20260834
15,20260835
16,20260836
17,20260837
18,20260838
19,20260839
20,20260840
21,20260841
22,20260842
23,20260843
24,20260844
25,20260845
26,20260846
27,20260847
28,20260848
29,20260849
30,20260850
31,20260851
32,20260852
33,20260853
34,20260854
35,20260855
36,20260856
37,20260857
38,20260858
39,20260859
40,20260860
41,20260861
42,20260862
43,20260863
44,20260864
45,20260865
46,20260866
47,20260867
48,20260868
49,20260869
50,20260870
51,20260871
52,20260872
53,20260873
54,20260874
55,20260875
56,20260876
57,20260877
58,20260878
59,20260879
60,20260880
61,20260881
62,20260882
63,20260883
64,20260884
65,20260885
66,20260886
67,20260887
68,20260888
69,20260889
70,20260890
71,20260891
72,20260892
73,20260893
74,20260894
75,20260895
76,20260896
77,20260897
78,20260898
79,20260899
80,20260900
81,20260901
82,20260902
83,20260903
84,20260904
85,20260905
86,20260906
87,20260907
88,20260908
89,20260909
90,20260910
91,20260911
92,20260912
93,20260913
94,20260914
95,20260915
96,20260916
97,20260917
98,20260918
99,20260919
100,20260920
101,20260921
102,20260922
103,20260923
104,20260924
105,20260925
106,20260926
107,20260927
108,20260928
109,20260929
110,20260930
111,20260931
112,20260932
113,20260933
114,20260934
115,20260935
116,20260936
117,20260937
118,20260938
119,20260939
120,20260940
121,20260941
122,20260942
123,20260943
124,20260944
125,20260945
126,20260946
127,20260947
128,20260948
129,20260949
130,20260950
131,20260951
132,20260952
133,20260953
134,20260954
135,20260955
136,20260956
137,20260957
138,20260958
139,20260959
140,20260960
141,20260961
142,20260962
143,20260963
144,20260964
145,20260965
146,20260966
147,20260967
148,20260968
149,20260969
150,20260970
151,20260971
152,20260972
153,20260973
154,20260974
155,20260975
156,20260976
157,20260977
158,20260978
159,20260979
160,20260980
161,20260981
162,20260982
163,20260983
164,20260984
165,20260985
166,20260986
167,20260987
168,20260988
169,20260989
170,20260990
171,20260991
172,20260992
173,20260993
174,20260994
175,20260995
176,20260996
177,20260997
178,20260998
179,20260999
180,20261000
181,20261001
182,20261002
183,20261003
184,20261004
185,20261005
186,20261006
187,20261007
188,20261008
189,20261009
190,20261010
191,20261011
192,20261012
193,20261013
194,20261014
195,20261015
196,20261016
197,20261017
198,20261018
199,20261019
200,20261020
201,20261021
202,20261022
203,20261023
204,20261024
205,20261025
206,20261026
207,20261027
208,20261028
209,20261029
210,20261030
211,20261031
212,20261032
213,20261033
214,20261034
215,20261035
216,20261036
217,20261037
218,20261038
219,20261039
220,20261040
221,20261041
222,20261042
223,20261043
224,20261044
225,20261045
226,20261046
227,20261047
228,20261048
229,20261049
230,20261050
231,20261051
232,20261052
233,20261053
234,20261054
235,20261055
236,20261056
237,20261057
238,20261058
239,20261059
240,20261060
241,20261061
242,20261062
243,20261063
244,20261064
245,20261065
246,20261066
247,20261067
248,20261068
249,20261069
250,20261070
251,20261071
252,20261072
253,20261073
254,20261074
255,20261075
256,20261076
257,20261077
258,20261078
259,20261079
260,20261080
261,20261081
262,20261082
263,20261083
264,20261084
265,20261085
266,20261086
267,20261087
268,20261088
269,20261089
270,20261090
271,20261091
272,20261092
273,20261093
274,20261094
275,20261095
276,20261096
277,20261097
278,20261098
279,20261099
280,20261100
281,20261101
282,20261102
283,20261103
284,20261104
285,20261105
286,20261106
287,20261107
288,20261108
289,20261109
290,20261110
291,20261111
292,20261112
293,20261113
294,20261114
295,20261115
296,20261116
297,20261117
298,20261118
299,20261119
300,20261120
301,20261121
302,20261122
303,20261123
304,20261124
305,20261125
306,20261126
307,20261127
308,20261128
309,20261129
310,20261130
311,20261131
312,20261132
313,20261133
314,20261134
315,20261135
316,20261136
317,20261137
318,20261138
319,20261139
320,20261140
321,20261141
322,20261142
323,20261143
324,20261144
325,20261145
326,20261146
327,20261147
328,20261148
329,20261149
330,20261150
331,20261151
332,20261152
333,20261153
334,20261154
335,20261155
336,20261156
337,20261157
338,20261158
339,20261159
340,20261160
341,20261161
342,20261162
343,20261163
344,20261164
345,20261165
346,20261166
347,20261167
348,20261168
349,20261169
350,20261170
351,20261171
352,20261172
353,20261173
354,20261174
355,20261175
356,20261176
357,20261177
358,20261178
359,20261179
360,20261180
361,20261181
362,20261182
363,20261183
364,20261184
365,20261185
366,20261186
367,20261187
368,20261188
369,20261189
370,20261190
371,20261191
372,20261192
373,20261193
374,20261194
375,20261195
376,20261196
377,20261197
378,20261198
379,20261199
380,20261200
381,20261201
382,20261202
383,20261203
384,20261204
385,20261205
386,20261206
387,20261207
388,20261208
389,20261209
390,20261210
391,20261211
392,20261212
393,20261213
394,20261214
395,20261215
396,20261216
397,20261217
398,20261218
399,20261219
400,20261220
401,20261221
402,20261222
403,20261223
404,20261224
405,20261225
406,20261226
407,20261227
408,20261228
409,20261229
410,20261230
411,20261231
412,20261232
413,20261233
414,20261234
415,20261235
416,20261236
417,20261237
418,20261238
419,20261239
420,20261240
421,20261241
422,20261242
423,20261243
424,20261244
425,20261245
426,20261246
427,20261247
428,20261248
429,20261249
430,20261250
431,20261251
432,20261252
433,20261253
434,20261254
435,20261255
436,20261256
437,20261257
438,20261258
439,20261259
440,20261260
441,20261261
442,20261262
443,20261263
444,20261264
445,20261265
446,20261266
447,20261267
448,20261268
449,20261269
450,20261270
451,20261271
452,20261272
453,20261273
454,20261274
455,20261275
456,20261276
457,20261277
458,20261278
459,20261279
460,20261280
461,20261281
462,20261282
463,20261283
464,20261284
465,20261285
466,20261286
467,20261287
468,20261288
469,20261289
470,20261290
471,20261291
472,20261292
473,20261293
474,20261294
475,20261295
476,20261296
477,20261297
478,20261298
479,20261299
480,20261300
481,20261301
482,20261302
483,20261303
484,20261304
485,20261305
486,20261306
487,20261307
488,20261308
489,20261309
490,20261310
491,20261311
492,20261312
493,20261313
494,20261314
495,20261315
496,20261316
497,20261317
498,20261318
499,20261319
500,20261320
